"Title","Category","Summary","Content","Featured_Image","Tags","Slug","","","","","","","","","","","","","","","","","","","",""
"The New Frontier of Exotic DNA","Genetic Education","Understanding the science of the Cal Gene (SLC45A2) and the OKC health protocol for Pink French Bulldogs.","<h2>The New Frontier of Exotic DNA</h2>
In the world of elite French Bulldog breeding, the ""Pink"" Frenchie has become the gold standard of rarity. But at OKC Frenchies, we know that true value isn’t just about a visual—it’s about the science behind the pigment. To understand a Pink Frenchie, you have to understand the <b>Cal Gene</b>.



<h2>What is the Cal Gene?</h2>
The ""Pink"" look is a specific form of oculocutaneous albinism, caused by a mutation in the <b>SLC45A2 gene (the caL locus)</b>. Unlike a ""Cream"" dog that retains black or liver pigment on the nose and pads, a true Pink Frenchie lacks eumelanin entirely.

This results in:
<ul>
  <li><b>The Glow:</b> Translucent, pinkish skin and nose.</li>
  <li><b>The Eyes:</b> Bright, light-colored eyes.</li>
  <li><b>The Signature:</b> A soft coat sheen that defines the OKC line.</li>
</ul>



<h2>The OKC Health Protocol: Foundation Over Everything</h2>
A common misconception is that ""Pink"" equals ""Poor Health."" We prove that wrong daily. Our Pink pups aren't just vibrant; they are structurally and internally superior because of the <b>Raw & Paw Protocol</b>.

We don't use fillers or synthetic fixes. Because our dogs start with a <b>Raw Base</b>, they have the natural enzymes and nutrients required for a biological baseline. From there, we stack for excellence:

<ol>
  <li><b>Goat Brew:</b> Our primary delivery system for essential probiotics and cellular hydration.</li>
  <li><b>Plasma:</b> For a daily immunity and recovery boost to support exotic DNA.</li>
  <li><b>Omega Mania:</b> A multi-oil anchor that reinforces the skin barrier and coat health.</li>
</ol>



<h2>Investing in Genetic Capital</h2>
For the serious breeder, a Pink Frenchie is <b>Genetic Capital</b>. Integrating the Cal gene into a program requires a deep understanding of recessive traits and a commitment to elite husbandry. When you purchase an OKC Pink, you aren't just buying a dog—you are buying a decade of breeding expertise and a proven nutritional roadmap for success.","","Pink Frenchie, Cal Gene, Exotic DNA, French Bulldog, SLC45A2, OKC Frenchies","science-of-pink-frenchie","","","","","","","","","","","","","","","","","","","",""
"The Ancient Red Domino: Mastering the eA Gradient","Genetic Education","Explaining the eA Ancient Red (Domino) gene in French Bulldogs: How it creates the signature two-tone ""Husky"" fur strand, inheritance patterns with cream (e), and the 50/50 visual odds for elite breeding programs.","<h2>The Science of the Visual Shift</h2>
While standard fawns and brindles are classic, the <b>eA (Ancient Red/Domino)</b> gene is the new frontier for breeders chasing that high-definition, multi-dimensional look. Originally found in Northern breeds, eA creates a striking ""visual shift"" in Frenchies that mimics a textured, double-coat appearance.

<h2>The ""Two-Tone"" Fur Science</h2>
What makes eA so unique is how it interacts with individual strands of fur. Instead of a solid color, eA creates a <b>gradient effect</b>:
<ul>
  <li><b>The Root:</b> Often lighter, tan or cream-based.</li>
  <li><b>The Tip:</b> Retains the darker pigment (Ancient Red or Domino shading).</li>
  <li><b>The Result:</b> Each strand looks two-toned, giving the dog a vibrant ""glow"" that standard DNA simply can't produce.</li>
</ul>



<h2>Breeding Math: The 50/50 Rule</h2>
Understanding the hierarchy of the E-Locus is critical for your production roadmap. The eA gene is <b>dominant to ""little e"" (cream)</b>, but recessive to the wild type (E) and Mask (Em).

<b>When you breed a Visual eA (eA/e) to a Genetic Cream (e/e):</b>
<ol>
  <li><b>50% Visual eA:</b> These pups will carry the Domino pattern (eA/e).</li>
  <li><b>50% Creams:</b> These pups will be standard recessive red/cream (e/e).</li>
</ol>



<h2>The ""Ghost"" eA: Masking</h2>
The eA gene is a master of disguise. It can be almost entirely <b>masked</b> by a Melanistic Mask (Em). 
<ul>
  <li><b>Em/eA:</b> The black mask may appear ""smeared,"" but the eA stays hidden under the mask’s dominance.</li>
  <li><b>E/eA:</b> You might see a slight ""widow’s peak"" marking on the head, but the dog won't show the full ""Husky"" mask.</li>
</ul>

<h2>Protecting the DNA Capital</h2>
Because eA restricts dark pigment, these dogs require high-level nutrition to maintain that luster. To keep that ""Ancient Red"" vibrant, we recommend our <b>Raw & Paw</b> stack—specifically <b>Plasma</b> for cellular immunity and <b>Omega Mania</b> to feed the hair follicle from the inside out.","","eA gene, Ancient Red, Domino Frenchie, French Bulldog Genetics, eA/e inheritance, Husky Frenchie, Exotic DNA, OKC Frenchies, Two-tone fur","ea-ancient-red-domino-genetics-guide-2026","","","","","","","","","","","","","","","","","","","",""
"The Genetics of Texture: Floodles, Furnishings, and the RSPO2 Truth","Genetic Education","Debunking the ""Poodle blood"" myth: Why the Floodle or Teddy Bear look is actually a calculated genetic combination of FGF5 and RSPO2, and how elite husbandry defines coat quality over lineage.","<h2>The Genetics of Texture: It’s Not About the Breed</h2>
In the exotic Frenchie world, there is a massive debate: Poodle crosses vs. Wire-hair crosses. Some breeders swear that ""Poodle blood"" creates a better coat. At OKC Frenchies, we know the truth: <b>The gene doesn't remember the breed.</b>

The ""Floodle"" or ""Teddy Bear"" look isn't a magical breed secret—it is a specific genetic combination of two distinct markers: <b>FGF5 (Fluffy)</b> and <b>RSPO2 (Furnishings)</b>.



<h2>The Furnishing Gene (RSPO2)</h2>
Furnishings is a <b>dominant gene</b>. Even on a short-haired dog, one copy of RSPO2 will display a longer, wiry texture around the face and legs. Whether that gene originated from a Poodle or a Wire-hair is irrelevant to the DNA; once it is in the Frenchie line, it functions as a standalone trait.

<h2>The ""Floodle"" Threshold: Two Copies of Fluffy</h2>
While one copy of RSPO2 creates the ""Wire-hair"" look, the true <b>Teddy Bear</b> or <b>Floodle</b> aesthetic occurs when the furnishing gene is paired with <b>two copies of the FGF5 (Fluffy) gene</b>.

<ul>
  <li><b>Fluffy (L/L or FGF5):</b> Controls the length of the coat.</li>
  <li><b>Furnishings (RSPO2):</b> Controls the ""facial furniture"" and the texture/curl.</li>
</ul>



The result is a coat that can display as straight, wavy, or curly. Every dog displays these genes differently based on their individual DNA makeup—not because of which ancestor brought the gene into the line generations ago.

<h2>Coat Quality: It’s Husbandry, Not Heritage</h2>
The quality of a Floodle’s coat isn't determined by its lineage—it’s determined by its <b>Protocol</b>. We have seen ""Poodle-heavy"" lines with brittle, dry coats and ""Wire-hair"" lines with silk. 

The secret to a world-class Teddy Bear coat is the <b>OKC Core Protocol</b>:
<ol>
  <li><b>Omega Mania:</b> Essential for hydrating the longer fibers of an FGF5/RSPO2 coat to prevent breakage.</li>
  <li><b>Goat Brew:</b> Maintains the gut health that prevents the skin inflammation often seen in long-coated exotics.</li>
  <li><b>Plasma:</b> Supports the high metabolic demand of growing and maintaining an elite ""Floodle"" coat.</li>
</ol>

<h2>Buying the Science, Not the Hype</h2>
When you invest in an OKC Floodle, you aren't buying a ""cross-breed"" marketing story. You are buying a genetically mapped, health-tested, and nutritionally supported elite French Bulldog.","","Floodle, Teddy Bear Frenchie, RSPO2 gene, FGF5 Fluffy, Furnishings gene, Exotic Frenchie DNA, French Bulldog coat genetics, OKC Frenchies, Wire-hair Frenchie","genetics-of-texture-rspo2-fgf5-floodle-science","","","","","","","","","","","","","","","","","","","",""
"The New Frontier of Exotic DNA","Genetic Education","Understanding the science of the Cal Gene (SLC45A2) and the OKC health protocol for Pink French Bulldogs.","<h2>The New Frontier of Exotic DNA</h2>
In the world of elite French Bulldog breeding, the ""Pink"" Frenchie has become the gold standard of rarity. But at OKC Frenchies, we know that true value isn’t just about a visual—it’s about the science behind the pigment. To understand a Pink Frenchie, you have to understand the <b>Cal Gene</b>.



<h2>What is the Cal Gene?</h2>
The ""Pink"" look is a specific form of oculocutaneous albinism, caused by a mutation in the <b>SLC45A2 gene (the caL locus)</b>. Unlike a ""Cream"" dog that retains black or liver pigment on the nose and pads, a true Pink Frenchie lacks eumelanin entirely.

This results in:
<ul>
  <li><b>The Glow:</b> Translucent, pinkish skin and nose.</li>
  <li><b>The Eyes:</b> Bright, light-colored eyes.</li>
  <li><b>The Signature:</b> A soft coat sheen that defines the OKC line.</li>
</ul>



<h2>The OKC Health Protocol: Foundation Over Everything</h2>
A common misconception is that ""Pink"" equals ""Poor Health."" We prove that wrong daily. Our Pink pups aren't just vibrant; they are structurally and internally superior because of the <b>Raw & Paw Protocol</b>.

We don't use fillers or synthetic fixes. Because our dogs start with a <b>Raw Base</b>, they have the natural enzymes and nutrients required for a biological baseline. From there, we stack for excellence:

<ol>
  <li><b>Goat Brew:</b> Our primary delivery system for essential probiotics and cellular hydration.</li>
  <li><b>Plasma:</b> For a daily immunity and recovery boost to support exotic DNA.</li>
  <li><b>Omega Mania:</b> A multi-oil anchor that reinforces the skin barrier and coat health.</li>
</ol>



<h2>Investing in Genetic Capital</h2>
For the serious breeder, a Pink Frenchie is <b>Genetic Capital</b>. Integrating the Cal gene into a program requires a deep understanding of recessive traits and a commitment to elite husbandry. When you purchase an OKC Pink, you aren't just buying a dog—you are buying a decade of breeding expertise and a proven nutritional roadmap for success.","","Pink Frenchie, Cal Gene, Exotic DNA, French Bulldog, SLC45A2, OKC Frenchies","science-of-pink-frenchie","","","","","","","","","","","","","","","","","","","",""